Type,Name
Free,Base Equipment
Free,Escalation of Freedom
DLC,Alpha Commander
Paid,Pre-Order
Paid,Super Citizen
Paid,Super Store
Paid,Killzone Crossover Phase 1
Event,Malevelon Creek Memorial Day
Event,Liberty Day
Event,Killzone Crossover Phase 2
Warbond,Helldivers Mobilize
Warbond,Steeled Veterans
Warbond,Cutting Edge
Warbond,Democratic Detonation
Warbond,Polar Patriots
Warbond,Viper Commandos
Warbond,Freedoms Flame
Warbond,Chemical Agents
Warbond,Truth Enforcers
Warbond,Urban Legends